scheme_category,scheme_count,nav_records,min_nav,max_nav,avg_nav
Debt Scheme - Banking and PSU Fund,1,3252,102.2299,161.3775,125.73057355473556
Debt Scheme - Money Market Fund,1,3581,23.992,6200.8511,3403.442117676627
Equity Scheme - ELSS,1,3323,0.0,113.6849,56.927149443274146
Equity Scheme - Large Cap Fund,1,3314,12.2191,106.1272,46.341792727821364
Equity Scheme - Mid Cap Fund,1,3317,30.5643,281.1083,102.60958462466083
Equity Scheme - Small Cap Fund,1,3107,12.7775,214.6767,90.49074071451561
